Title,Release Date,Inflation Adjusted Domestic Revenue,Domestic Revenue,International Revenue,Total Box Office Revenue,Domestic Video Revenue,Opening Weekend,Production Budget,Theater Number,MPAA Rating,Runtime,Genre,Franchise,Production Method,Video Release Date,Domestic DVD Revenue,Domestic Bluray Revenue,Month,Year,Season,Profit
Ride Along,2014-01-17,185781035.0,134202565.0,19531235.0,153733800.0,32235555.0,41516170.0,25000000.0,2867.0,PG,100.0,Comedy,Ride Along,Live Action,2014-04-15,21354671.0,10880884.0,1.0,2014.0,Winter,128733800.0
Endless Love,2014-02-14,32446343.0,23438250.0,11279923.0,34718173.0,5650051.0,13307125.0,20000000.0,2896.0,PG,105.0,Drama,,Live Action,2014-05-27,4314112.0,1335939.0,2.0,2014.0,Winter,14718173.0
A Million Ways to Die in The West,2014-05-30,59140035.0,42720965.0,44057592.0,86778557.0,15244102.0,16797385.0,40000000.0,3160.0,R,115.0,Western,,Live Action,2014-10-07,9630534.0,5613568.0,5.0,2014.0,Spring,46778557.0
The Anomaly,2015-09-25,,,105632.0,105632.0,,,,,Not Rated,96.0,Action,,Live Action,,,,9.0,2015.0,Fall,
Boyhood,2014-07-11,35086086.0,25379975.0,31893074.0,57273049.0,6319139.0,387618.0,4000000.0,775.0,R,164.0,Drama,,Live Action,2015-01-06,3794682.0,2524457.0,7.0,2014.0,Summer,53273049.0
The Purge: Anarchy,2014-07-18,99066394.0,71562550.0,39972331.0,111534881.0,12042774.0,29816675.0,9000000.0,2856.0,R,103.0,Thriller/Suspense,The Purge,Live Action,,7275828.0,4766946.0,7.0,2014.0,Summer,102534881.0
Lucy,2014-07-25,175220503.0,126573960.0,330933816.0,457507776.0,34650179.0,43899340.0,40000000.0,3202.0,R,88.0,Action,,Live Action,2015-01-20,14663798.0,19986381.0,7.0,2014.0,Summer,417507776.0
Step Up All In,2014-08-08,20632629.0,14904384.0,62900000.0,77804384.0,3087616.0,6469857.0,,2072.0,PG,112.0,Drama,Step Up,Live Action,2014-11-04,2825994.0,261622.0,8.0,2014.0,Summer,
"As Above, So Below",2014-08-29,29378754.0,21222315.0,20601751.0,41824066.0,912350.0,8632820.0,5000000.0,2650.0,R,93.0,Horror,,Live Action,,333382.0,578968.0,8.0,2014.0,Summer,36824066.0
A Walk Among the Tombstones,2014-09-19,36017136.0,26017685.0,36090902.0,62108587.0,10855132.0,12758780.0,28000000.0,2714.0,R,113.0,Action,,Live Action,2015-01-13,6700400.0,4154732.0,9.0,2014.0,Fall,34108587.0
The Boxtrolls,2014-09-26,70361489.0,50837305.0,61061436.0,111898741.0,17374638.0,17275239.0,60000000.0,3464.0,PG,96.0,Adventure,,Stop-Motion Animation,2015-01-20,8969324.0,8405314.0,9.0,2014.0,Fall,51898741.0
Dracula Untold,2014-10-10,77511400.0,55991880.0,164249843.0,220241723.0,18657610.0,23514615.0,70000000.0,2900.0,PG,92.0,Action,Dark Universe,Live Action,,10506973.0,8150637.0,10.0,2014.0,Fall,150241723.0
Northern Soul,2014-10-17,11921.0,8886.0,,,,6786.0,,10.0,R,102.0,Drama,,Live Action,,,,10.0,2014.0,Fall,
Ouija,2014-10-24,70401651.0,50856010.0,52444622.0,103300632.0,8102438.0,19875995.0,5000000.0,2899.0,PG,89.0,Horror,Ouija,Live Action,,6211107.0,1891331.0,10.0,2014.0,Fall,98300632.0
Dumb and Dumber To,2014-11-14,119425977.0,86208010.0,70345582.0,156553592.0,13260603.0,36111775.0,40000000.0,3188.0,PG,110.0,Comedy,Dumb and Dumber,Live Action,,7995585.0,5265018.0,11.0,2014.0,Fall,116553592.0
The Theory of Everything,2014-11-07,49148080.0,35893537.0,87434155.0,123327692.0,6080616.0,208763.0,15000000.0,1220.0,PG,123.0,Drama,,Live Action,2015-02-10,4177500.0,1903116.0,11.0,2014.0,Fall,108327692.0
Unbroken,2014-12-25,158165804.0,115637895.0,47889929.0,163527824.0,20423463.0,30621445.0,65000000.0,3301.0,PG,137.0,Drama,Unbroken,Live Action,2015-02-10,11300579.0,9122884.0,12.0,2014.0,Winter,98527824.0
Blackhat,2015-01-16,10741118.0,8005980.0,11659024.0,19665004.0,3264829.0,3901815.0,70000000.0,2568.0,R,133.0,Thriller/Suspense,,Live Action,2015-05-05,1785158.0,1479671.0,1.0,2015.0,Winter,-50334996.0
The Boy Next Door,2015-01-23,48307068.0,36006065.0,17395873.0,53401938.0,7518358.0,14910105.0,4000000.0,2615.0,R,90.0,Thriller/Suspense,,Live Action,2015-04-28,5252305.0,2266053.0,1.0,2015.0,Winter,49401938.0
Seventh Son,2015-02-06,23781571.0,17725785.0,91149182.0,108874967.0,8590056.0,7217640.0,95000000.0,2875.0,PG,102.0,Adventure,,Live Action,2015-05-12,4749496.0,3840560.0,2.0,2015.0,Winter,13874967.0
Fifty Shades of Grey,2015-02-13,222936104.0,166167230.0,404627720.0,570794950.0,65561051.0,85171450.0,40000000.0,3655.0,R,125.0,Drama,Fifty Shades of Grey,Live Action,2015-04-28,29189762.0,36371289.0,2.0,2015.0,Winter,530794950.0
Furious 7,2015-04-03,473607279.0,353007020.0,1157058375.0,1510065395.0,72363223.0,147187040.0,190000000.0,4022.0,PG,137.0,Action,Fast and the Furious,Live Action,2015-08-25,32956703.0,39406520.0,4.0,2015.0,Spring,1320065395.0
Uno anzi due,2015-04-09,,,102661.0,102661.0,,,,,,,Comedy,,Live Action,,,,4.0,2015.0,Spring,
Unfriended,2015-04-17,43991806.0,32789645.0,31574553.0,64364198.0,4181815.0,15845115.0,1000000.0,2775.0,R,82.0,Horror,Unfriended,Live Action,2015-07-28,2772399.0,1409416.0,4.0,2015.0,Spring,63364198.0
Ex Machina,2015-04-10,34132551.0,25440971.0,12820328.0,38261299.0,11355585.0,237264.0,13000000.0,2004.0,R,110.0,Thriller/Suspense,,Live Action,,5285519.0,6070066.0,4.0,2015.0,Spring,25261299.0
Pitch Perfect 2,2015-05-15,247258643.0,184296230.0,102918966.0,287215196.0,43202632.0,69216890.0,29000000.0,3660.0,PG,115.0,Comedy,Pitch Perfect,Live Action,,23812027.0,19390605.0,5.0,2015.0,Spring,258215196.0
Horns,2015-06-04,227693.0,164480.0,85918.0,250398.0,2312716.0,107544.0,,105.0,R,121.0,Horror,,Live Action,2015-01-06,1739007.0,573709.0,6.0,2015.0,Summer,
Jurassic World,2015-06-12,876373751.0,653406625.0,1017657016.0,1671063641.0,150394087.0,208806270.0,215000000.0,4291.0,PG,124.0,Action,Jurassic Park,Live Action,2015-10-20,53571353.0,96822734.0,6.0,2015.0,Summer,1456063641.0
Ted 2,2015-06-26,109311738.0,81476385.0,135737758.0,217214143.0,25280282.0,33507870.0,68000000.0,3448.0,R,115.0,Comedy,Ted,Animation/Live Action,,13994431.0,11285851.0,6.0,2015.0,Summer,149214143.0
Minions,2015-07-10,450851446.0,336045770.0,821225989.0,1157271759.0,125794238.0,115718405.0,74000000.0,4311.0,PG,91.0,Adventure,Despicable MeMinions,Digital Animation,2015-11-24,60290110.0,65504128.0,7.0,2015.0,Summer,1083271759.0
Trainwreck,2015-07-17,147878436.0,110225700.0,30911197.0,141136897.0,13903395.0,30097040.0,35000000.0,3171.0,R,122.0,Romantic Comedy,,Live Action,2015-10-20,8084007.0,5819388.0,7.0,2015.0,Summer,106136897.0
Straight Outta Compton,2015-08-14,216268915.0,161197785.0,40985196.0,202182981.0,30440924.0,60200180.0,28000000.0,3142.0,R,146.0,Drama,,Live Action,2016-01-05,14426653.0,16014271.0,8.0,2015.0,Summer,174182981.0
The Visit,2015-09-11,87482929.0,65206105.0,33471711.0,98677816.0,5453538.0,25427560.0,5000000.0,3148.0,PG,94.0,Horror,,Live Action,,3631745.0,1821793.0,9.0,2015.0,Fall,93677816.0
Everest,2015-09-18,58337421.0,43482270.0,177814791.0,221297061.0,9974729.0,7222035.0,65000000.0,3009.0,PG,121.0,Adventure,,Live Action,,4850957.0,5123772.0,9.0,2015.0,Fall,156297061.0
The Green Inferno,2015-09-25,9649443.0,7192291.0,5739129.0,12931420.0,1770493.0,3520626.0,1000000.0,1543.0,R,103.0,Horror,,Live Action,,1046713.0,723780.0,9.0,2015.0,Fall,11931420.0
Steve Jobs,2015-10-09,23836402.0,17766658.0,17812349.0,35579007.0,3058579.0,521522.0,30000000.0,2493.0,R,121.0,Drama,,Live Action,,1334565.0,1724014.0,10.0,2015.0,Fall,5579007.0
Crimson Peak,2015-10-16,41711925.0,31090320.0,43876534.0,74966854.0,7621615.0,13143310.0,55000000.0,2991.0,R,118.0,Horror,,Live Action,2016-01-26,3944975.0,3676640.0,10.0,2015.0,Fall,19966854.0
Jem and the Holograms,2015-10-23,2930998.0,2184640.0,184297.0,2368937.0,456703.0,1375320.0,5000000.0,2417.0,PG,118.0,Musical,,Live Action,2016-01-05,167116.0,289587.0,10.0,2015.0,Fall,-2631063.0
By the Sea,2015-11-13,722415.0,538460.0,3189286.0,3727746.0,533381.0,96250.0,20000000.0,142.0,R,122.0,Drama,,Live Action,2016-07-05,454156.0,79225.0,11.0,2015.0,Fall,-16272254.0
Legend,2015-11-20,2512166.0,1872994.0,40407450.0,42280444.0,2197403.0,86836.0,25000000.0,107.0,R,131.0,Thriller/Suspense,,Live Action,2016-02-16,997275.0,1200128.0,11.0,2015.0,Fall,17280444.0
Krampus,2015-12-04,57279099.0,42725475.0,19062918.0,61788393.0,9982221.0,16293325.0,15000000.0,2919.0,PG,98.0,Horror,,Live Action,2016-04-12,4021914.0,5960307.0,12.0,2015.0,Winter,46788393.0
Sisters,2015-12-18,115488344.0,87044645.0,18986015.0,106030660.0,12025333.0,13922855.0,30000000.0,2978.0,R,117.0,Comedy,,Live Action,,7592293.0,4433040.0,12.0,2015.0,Winter,76030660.0
Ride Along 2,2016-01-15,118804278.0,90862685.0,33964631.0,124827316.0,13023164.0,35243095.0,40000000.0,3192.0,PG,102.0,Comedy,Ride Along,Live Action,2016-04-12,7806818.0,5216346.0,1.0,2016.0,Winter,84827316.0
"Hail, Caesar!",2016-02-05,39330333.0,30080225.0,34139971.0,64220196.0,2451813.0,11355225.0,22000000.0,2248.0,PG,100.0,Comedy,,Live Action,2016-05-24,1017294.0,1434519.0,2.0,2016.0,Winter,42220196.0
The Witch,2016-02-19,32869224.0,25138705.0,15226020.0,40364725.0,5959593.0,8800230.0,3500000.0,2204.0,R,90.0,Horror,,Live Action,,2704180.0,3255413.0,2.0,2016.0,Winter,36864725.0
My Big Fat Greek Wedding 2,2016-03-25,78045017.0,59689605.0,32406953.0,92096558.0,14111131.0,17861950.0,18000000.0,3179.0,PG,94.0,Comedy,My Big Fat Greek Wedding,Live Action,2016-06-07,8550651.0,5560480.0,3.0,2016.0,Spring,74096558.0
The Boss,2016-04-08,82474816.0,63077560.0,15574647.0,78652207.0,10152138.0,23586645.0,29000000.0,3495.0,R,99.0,Comedy,,Live Action,2016-07-12,5723465.0,4428673.0,4.0,2016.0,Spring,49652207.0
Ratchet and Clank,2016-04-29,11523657.0,8813410.0,5552229.0,14365639.0,2013766.0,4869278.0,20000000.0,2895.0,PG,94.0,Adventure,,Digital Animation,2016-08-09,828080.0,1185686.0,4.0,2016.0,Spring,-5634361.0
Neighbors 2: Sorority Rising,2016-05-20,72358801.0,55340730.0,53416891.0,108757621.0,6269318.0,21760405.0,35000000.0,3416.0,R,92.0,Comedy,Neighbors,Live Action,2016-09-06,2738927.0,3530391.0,5.0,2016.0,Spring,73757621.0
Popstar: Never Stop Never Stopping,2016-06-03,12416322.0,9496130.0,40990.0,9537120.0,2487127.0,4698715.0,20000000.0,2313.0,R,86.0,Comedy,,Live Action,2016-08-16,731895.0,1755232.0,6.0,2016.0,Summer,-10462880.0
Warcraft,2016-06-10,61930800.0,47365290.0,391534534.0,438899824.0,17495058.0,24166110.0,160000000.0,3406.0,PG,123.0,Action,,Live Action,2016-09-13,4964181.0,12530877.0,6.0,2016.0,Summer,278899824.0
Central Intelligence,2016-06-17,166630784.0,127440871.0,89753934.0,217194805.0,21179506.0,35535250.0,50000000.0,3508.0,PG,114.0,Comedy,,Live Action,2016-09-13,13050109.0,8129397.0,6.0,2016.0,Summer,167194805.0
The Secret Life of Pets,2016-07-08,482283633.0,369094830.0,516918170.0,886013000.0,101459028.0,104352905.0,75000000.0,4381.0,PG,91.0,Adventure,The Secret Life of Pets,Digital Animation,2016-11-14,50156148.0,51302880.0,7.0,2016.0,Summer,811013000.0
Jason Bourne,2016-07-29,212069591.0,162192920.0,253975396.0,416168316.0,34023475.0,59215365.0,120000000.0,4039.0,PG,123.0,Action,Bourne,Live Action,2016-11-15,12993453.0,21030022.0,7.0,2016.0,Summer,296168316.0
Kubo and the Two Strings,2016-08-19,62790881.0,48023088.0,29525034.0,77548122.0,10528622.0,12608372.0,55000000.0,3279.0,PG,102.0,Adventure,,Stop-Motion Animation,2016-11-08,4607884.0,5920738.0,8.0,2016.0,Summer,22548122.0
Bridget Jones’s Baby,2016-09-16,31563145.0,24139805.0,183158578.0,207298383.0,4709346.0,8571785.0,35000000.0,2930.0,R,122.0,Romantic Comedy,Bridget Jones,Live Action,2016-11-29,3103439.0,1605907.0,9.0,2016.0,Fall,172298383.0
The Girl on the Train,2016-10-07,98580098.0,75395035.0,98883179.0,174278214.0,9805519.0,24536265.0,45000000.0,3241.0,R,112.0,Thriller/Suspense,,Live Action,,5112470.0,4693049.0,10.0,2016.0,Fall,129278214.0
Kevin Hart: What Now?,2016-10-14,30845627.0,23591043.0,,,1757598.0,11767210.0,10000000.0,2567.0,R,96.0,Concert/Performance,,Live Action,,1199972.0,557626.0,10.0,2016.0,Fall,
Ordinary World,2016-10-14,,,,,94383.0,,,,Not Rated,87.0,Comedy,,Live Action,2016-12-06,40875.0,53508.0,10.0,2016.0,Fall,
Ouija: Origin of Evil,2016-10-21,45951953.0,35144505.0,46687361.0,81831866.0,2319802.0,14065500.0,9000000.0,3168.0,PG,99.0,Horror,Ouija,Live Action,2017-01-10,1496306.0,823496.0,10.0,2016.0,Fall,72831866.0
Almost Christmas,2016-11-11,54996153.0,42065185.0,428321.0,42493506.0,3718325.0,15134235.0,17000000.0,2379.0,PG,107.0,Drama,,Live Action,2017-01-24,2728295.0,990030.0,11.0,2016.0,Fall,25493506.0
Frank & Lola,2016-12-09,12011.0,9188.0,,,83959.0,5747.0,,26.0,Not Rated,88.0,Drama,,Live Action,2017-02-07,42896.0,41063.0,12.0,2016.0,Winter,
Sing,2016-12-21,347979520.0,270329045.0,360735137.0,631064182.0,72319849.0,35258145.0,75000000.0,4029.0,PG,108.0,Musical,Sing,Digital Animation,,29796903.0,42522946.0,12.0,2016.0,Winter,556064182.0
Split,2017-01-20,174178524.0,138141585.0,140613009.0,278754594.0,16284947.0,40010975.0,9000000.0,3373.0,PG,116.0,Horror,Unbreakable,Live Action,2017-04-18,8259613.0,8025334.0,1.0,2017.0,Winter,269754594.0
A Dog’s Purpose,2017-01-27,81101510.0,64321890.0,138733537.0,203055427.0,19607134.0,18222810.0,25000000.0,3178.0,PG,100.0,Drama,A Dog’s Purpose,Live Action,2017-04-18,13005817.0,6601317.0,1.0,2017.0,Winter,178055427.0
Fifty Shades Darker,2017-02-10,144286364.0,114434010.0,266933036.0,381367046.0,31729200.0,46607250.0,55000000.0,3714.0,R,118.0,Drama,Fifty Shades of Grey,Live Action,2017-04-25,14409144.0,17320056.0,2.0,2017.0,Winter,326367046.0
The Great Wall,2017-02-17,56937220.0,45157105.0,289329747.0,334486852.0,14879974.0,18469620.0,150000000.0,3328.0,PG,104.0,Action,,Live Action,2017-05-09,5710636.0,9169338.0,2.0,2017.0,Winter,184486852.0
Get Out,2017-02-24,221701843.0,175837935.0,76459470.0,252297405.0,14634579.0,33377060.0,5000000.0,3143.0,R,104.0,Horror,,Live Action,2017-05-09,8372991.0,6261588.0,2.0,2017.0,Winter,247297405.0
The Fate of the Furious,2017-04-14,284659920.0,225764765.0,963244567.0,1189009332.0,48823896.0,98786705.0,250000000.0,4329.0,PG,136.0,Action,Fast and the Furious,Live Action,2017-06-27,22710120.0,26113776.0,4.0,2017.0,Spring,939009332.0
The Mummy,2017-06-09,100997067.0,80101125.0,329852780.0,409953905.0,17260296.0,31668375.0,195000000.0,4035.0,PG,107.0,Adventure,Dark Universe,Live Action,,7107832.0,10152464.0,6.0,2017.0,Summer,214953905.0
Despicable Me 3,2017-06-30,333656728.0,264624300.0,768185357.0,1032809657.0,49423770.0,72434025.0,75000000.0,4535.0,PG,90.0,Adventure,Despicable Me,Digital Animation,,22237968.0,27185802.0,6.0,2017.0,Summer,957809657.0
Girls Trip,2017-07-21,145136819.0,115108515.0,25777838.0,140886353.0,13264574.0,31201920.0,28000000.0,2648.0,R,122.0,Comedy,Girls Trip,Live Action,,8353092.0,4911482.0,7.0,2017.0,Summer,112886353.0
American Made,2017-09-29,64735567.0,51342000.0,84227212.0,135569212.0,8932021.0,16776390.0,50000000.0,3098.0,R,114.0,Action,,Live Action,2017-12-19,4371869.0,4560152.0,9.0,2017.0,Fall,85569212.0
Woody Woodpecker,2017-10-05,,,15316635.0,15316635.0,217879.0,,,,PG,94.0,Adventure,,Animation/Live Action,2018-02-06,217879.0,,10.0,2017.0,Fall,
Happy Death Day,2017-10-13,70210071.0,55683845.0,69326415.0,125010260.0,4791883.0,26039025.0,5000000.0,3535.0,PG,96.0,Horror,Happy Death Day,Live Action,,2214360.0,2577523.0,10.0,2017.0,Fall,120010260.0
The Snowman,2017-10-20,8410964.0,6670765.0,36362896.0,43033661.0,2017065.0,3372565.0,35000000.0,1815.0,R,142.0,Thriller/Suspense,The Snowman,Live Action,2018-01-16,1157145.0,859920.0,10.0,2017.0,Fall,8033661.0
Thank You for Your Service,2017-10-27,11952272.0,9479390.0,505926.0,9985316.0,2338884.0,3817700.0,20000000.0,2083.0,R,108.0,Drama,,Live Action,2018-01-09,1244803.0,1094081.0,10.0,2017.0,Fall,-10014684.0
Lady Bird,2017-11-03,61390398.0,48958273.0,31150209.0,80108482.0,2740852.0,364437.0,10000000.0,1557.0,R,93.0,Drama,,Live Action,2018-02-13,1149184.0,1591668.0,11.0,2017.0,Fall,70108482.0
Pitch Perfect 3,2017-12-22,131456096.0,104897530.0,80838882.0,185736412.0,17351173.0,19928525.0,45000000.0,3468.0,PG,93.0,Comedy,Pitch Perfect,Live Action,2018-03-20,8223801.0,9127372.0,12.0,2017.0,Winter,140736412.0
Insidious: The Last Key,2018-01-05,84105345.0,67745330.0,105066641.0,172811971.0,3838299.0,29581355.0,10000000.0,3150.0,PG,103.0,Horror,Insidious,Live Action,2018-03-20,1920674.0,1917625.0,1.0,2018.0,Winter,162811971.0
Fifty Shades Freed,2018-02-09,124655517.0,100407760.0,271577258.0,371985018.0,32712548.0,38560195.0,55000000.0,3768.0,R,120.0,Drama,Fifty Shades of Grey,Live Action,2018-05-08,18911888.0,13800660.0,2.0,2018.0,Winter,316985018.0
Pacific Rim: Uprising,2018-03-23,74333799.0,59874525.0,231055623.0,290930148.0,16694638.0,28116535.0,155000000.0,3708.0,PG,111.0,Action,Pacific Rim,Live Action,2018-06-19,5503750.0,11190888.0,3.0,2018.0,Spring,135930148.0
Blockers,2018-04-06,74876294.0,60311495.0,34212286.0,94523781.0,9176664.0,20556350.0,21000000.0,3418.0,R,102.0,Comedy,,Live Action,2018-06-19,4765778.0,4410886.0,4.0,2018.0,Spring,73523781.0
Truth or Dare,2018-04-13,51411482.0,41411015.0,53881729.0,95292744.0,1294818.0,18667855.0,3500000.0,3068.0,PG,100.0,Thriller/Suspense,,Live Action,,1255906.0,38912.0,4.0,2018.0,Spring,91792744.0
Breaking In,2018-05-11,58152254.0,46840590.0,4644792.0,51485382.0,4398932.0,17630285.0,6000000.0,2537.0,PG,88.0,Thriller/Suspense,,Live Action,2018-07-24,2739010.0,1659922.0,5.0,2018.0,Spring,45485382.0
Jurassic World: Fallen Kingdom,2018-06-22,518596107.0,417719760.0,890603542.0,1308323302.0,68043433.0,148024610.0,170000000.0,4485.0,PG,128.0,Action,Jurassic Park,Live Action,2018-09-18,24570813.0,43472620.0,6.0,2018.0,Summer,1138323302.0
The First Purge,2018-07-04,86269785.0,69488745.0,67565852.0,137054597.0,3524771.0,17374280.0,13000000.0,3038.0,R,97.0,Horror,The Purge,Live Action,2018-09-18,1660847.0,1863924.0,7.0,2018.0,Summer,124054597.0
Skyscraper,2018-07-13,84943088.0,68420120.0,236438001.0,304858121.0,22465593.0,24905015.0,125000000.0,3822.0,PG,103.0,Action,,Live Action,2018-10-09,10427343.0,12038250.0,7.0,2018.0,Summer,179858121.0
Mamma Mia: Here We Go Again!,2018-07-20,149767416.0,120634935.0,275508396.0,396143331.0,21629890.0,34952180.0,75000000.0,3514.0,PG,114.0,Musical,Mamma Mia,Live Action,,10649530.0,10980360.0,7.0,2018.0,Summer,321143331.0
Night School,2018-09-28,96015826.0,77339130.0,26806503.0,104145633.0,9118256.0,27257615.0,29000000.0,3019.0,PG,111.0,Comedy,,Live Action,2018-12-11,5387658.0,3730598.0,9.0,2018.0,Fall,75145633.0
First Man,2018-10-12,55788305.0,44936545.0,60587192.0,105523737.0,7435193.0,16006065.0,60000000.0,3640.0,PG,141.0,Drama,,Live Action,,3002015.0,4433178.0,10.0,2018.0,Fall,45523737.0
Halloween,2018-10-19,197843059.0,159366015.0,96050074.0,255416089.0,23932182.0,76221545.0,10000000.0,3990.0,R,105.0,Horror,Halloween,Live Action,2019-01-15,10613919.0,13318263.0,10.0,2018.0,Fall,245416089.0
Johnny English Strikes Again,2018-10-26,5477682.0,4412170.0,154957108.0,159369278.0,337213.0,1638895.0,30000000.0,552.0,PG,88.0,Comedy,Johnny English,Live Action,,203291.0,133922.0,10.0,2018.0,Fall,129369278.0
Green Book,2018-11-16,105267757.0,85080171.0,234914848.0,319995019.0,7647935.0,320429.0,23000000.0,2648.0,PG,130.0,Comedy,,Live Action,2019-02-19,4373792.0,3274143.0,11.0,2018.0,Fall,296995019.0
Mortal Engines,2018-12-14,19795938.0,15951040.0,69530864.0,85481904.0,11255492.0,7559850.0,100000000.0,3103.0,PG,128.0,Action,,Live Action,2019-02-19,4854103.0,6401389.0,12.0,2018.0,Winter,-14518096.0
Seberg,2019-12-13,551962.0,448009.0,817110.0,1265119.0,,47180.0,8000000.0,373.0,R,103.0,Thriller/Suspense,,Live Action,2020-05-15,,,12.0,2019.0,Winter,-6734881.0
Dolittle,2020-01-17,94923993.0,77047065.0,174462229.0,251509294.0,19063847.0,21844045.0,175000000.0,4155.0,PG,103.0,Adventure,,Animation/Live Action,2020-03-24,8268610.0,10795237.0,1.0,2020.0,Winter,76509294.0
The Turning,2020-01-24,19062858.0,15472775.0,2987964.0,18460739.0,,6950045.0,12000000.0,2571.0,PG,94.0,Horror,,Live Action,2020-04-07,,,1.0,2020.0,Winter,6460739.0
The Photograph,2020-02-14,25352858.0,20578185.0,126196.0,20704381.0,,12181865.0,15000000.0,2516.0,PG,106.0,Drama,,Live Action,2020-04-28,,,2.0,2020.0,Winter,5704381.0
The Wolf Hour,2019-12-06,,,1259.0,1259.0,,,,,R,99.0,Drama,,Live Action,,,,12.0,2019.0,Winter,
The Invisible Man,2020-02-28,79975804.0,64914050.0,74097915.0,139011965.0,13568358.0,28205665.0,7000000.0,3636.0,R,124.0,Horror,,Live Action,2020-03-20,6807755.0,6760603.0,2.0,2020.0,Winter,132011965.0
The Hunt,2020-03-13,7161153.0,5812500.0,6588479.0,12400979.0,4708820.0,5304455.0,18200000.0,3028.0,R,115.0,Thriller/Suspense,,Live Action,2020-03-20,2088999.0,2619821.0,3.0,2020.0,Spring,-5799021.0
The King of Staten Island,2020-06-19,,,1709573.0,1709573.0,2809643.0,,35000000.0,,R,136.0,Comedy,,Live Action,2020-06-12,797364.0,2012279.0,6.0,2020.0,Summer,-33290427.0
You Should Have Left,2020-06-18,,,,,,,,,R,93.0,Horror,,Live Action,2020-06-18,,,6.0,2020.0,Summer,
Freaky,2020-11-13,11086819.0,9030855.0,9042578.0,18073433.0,3221377.0,3600355.0,6000000.0,2472.0,R,101.0,Horror,,Live Action,2020-12-04,1602795.0,1618582.0,11.0,2020.0,Fall,12073433.0
The Croods: A New Age,2020-11-25,69011957.0,58568815.0,156197423.0,214766238.0,29122070.0,9724200.0,65000000.0,2211.0,PG,95.0,Adventure,The Croods,Digital Animation,2020-12-18,13923709.0,15198361.0,11.0,2020.0,Fall,149766238.0
All My Life,2020-12-04,1124270.0,913935.0,1110128.0,2024063.0,,370315.0,25000000.0,970.0,PG,91.0,Drama,,Live Action,,,,12.0,2020.0,Winter,-22975937.0
News of the World,2020-12-25,14534175.0,12668325.0,,,13372289.0,2250430.0,38000000.0,1986.0,PG,118.0,Western,,Live Action,2021-01-15,7576099.0,5796190.0,12.0,2020.0,Winter,
Nobody,2021-03-26,30658255.0,27568035.0,29944435.0,57512470.0,9644079.0,6820100.0,16000000.0,2567.0,R,92.0,Thriller/Suspense,Nobody,Live Action,2021-04-16,3463129.0,6180950.0,3.0,2021.0,Spring,41512470.0
Profile,2021-05-14,1940321.0,1744740.0,138516.0,1883256.0,,730290.0,2300000.0,2104.0,R,105.0,Thriller/Suspense,,Live Action,2021-06-04,,,5.0,2021.0,Spring,-416744.0
Spirit Untamed,2021-06-04,19702099.0,17716215.0,24519529.0,42235744.0,2967554.0,6101050.0,30000000.0,3394.0,PG,87.0,Adventure,Spirit: Riding Free,Digital Animation,2021-06-25,1972478.0,995076.0,6.0,2021.0,Summer,12235744.0
The Forever Purge,2021-07-02,49531840.0,44539245.0,32411280.0,76950525.0,3689596.0,12551220.0,18000000.0,3058.0,R,103.0,Horror,The Purge,Live Action,,1543418.0,2146178.0,7.0,2021.0,Summer,58950525.0
Old,2021-07-23,53688038.0,48276510.0,41560287.0,89836797.0,6751012.0,16854735.0,18000000.0,3379.0,PG,108.0,Thriller/Suspense,,Live Action,2021-10-05,3043686.0,3707326.0,7.0,2021.0,Summer,71836797.0
Respect,2021-08-13,26999877.0,24278399.0,11474452.0,35752851.0,2783626.0,8807513.0,,3207.0,PG,145.0,Drama,,Live Action,2021-08-27,1333302.0,1450324.0,8.0,2021.0,Summer,
Dear Evan Hansen,2021-09-24,16684354.0,15002646.0,2507213.0,17509859.0,2225678.0,7442625.0,28000000.0,3364.0,PG,131.0,Musical,,Live Action,,761129.0,1464549.0,9.0,2021.0,Fall,-10490141.0
The Addams Family 2,2021-10-01,62821271.0,56489153.0,62894083.0,119383236.0,2352502.0,17325007.0,,4207.0,PG,93.0,Adventure,Addams Family,Digital Animation,,975333.0,1377169.0,10.0,2021.0,Fall,
No Time to Die,2021-10-08,178921463.0,160891007.0,598038764.0,758929771.0,31743100.0,55225007.0,250000000.0,4407.0,PG,163.0,Action,James Bond,Live Action,2021-11-09,9826941.0,21916159.0,10.0,2021.0,Fall,508929771.0
Halloween Kills,2021-10-15,102315078.0,92002155.0,38849007.0,130851162.0,7030537.0,49404980.0,20000000.0,3727.0,R,105.0,Horror,Halloween,Live Action,2021-10-15,2867974.0,4162563.0,10.0,2021.0,Fall,110851162.0
Finch,2021-08-20,,,,,,,,,PG,115.0,Adventure,,Live Action,2021-11-05,,,8.0,2021.0,Summer,
Belfast,2021-11-12,10197921.0,9250870.0,40256478.0,49507348.0,680781.0,1779410.0,,1255.0,PG,97.0,Drama,,Live Action,2022-02-08,374135.0,306646.0,11.0,2021.0,Fall,
House of Gucci,2021-11-24,59636318.0,53809574.0,93664564.0,147474138.0,1626402.0,14423794.0,75000000.0,3477.0,R,160.0,Drama,,Live Action,,729060.0,897342.0,11.0,2021.0,Fall,72474138.0
Licorice Pizza,2021-11-26,18807818.0,17318007.0,15585542.0,32903549.0,624143.0,345157.0,40000000.0,1977.0,R,133.0,Drama,,Live Action,,160920.0,463223.0,11.0,2021.0,Fall,-7096451.0
Sing 2,2021-12-22,177757506.0,162790990.0,241743598.0,404534588.0,10752375.0,22326230.0,85000000.0,3892.0,PG,112.0,Musical,Sing,Digital Animation,2022-01-07,4496119.0,6256256.0,12.0,2021.0,Winter,319534588.0
The 355,2022-01-07,15649749.0,14570455.0,4332343.0,18902798.0,1423708.0,4621765.0,75000000.0,3145.0,PG,124.0,Thriller/Suspense,,Live Action,2022-01-28,539214.0,884494.0,1.0,2022.0,Winter,-56097202.0
Redeeming Love,2022-01-21,9896544.0,9214020.0,45299.0,9259319.0,897290.0,3530180.0,,1963.0,PG,134.0,Drama,,Live Action,2022-02-08,508419.0,388871.0,1.0,2022.0,Winter,
Marry Me,2022-02-11,24100264.0,22438180.0,26336813.0,48774993.0,1105937.0,7949980.0,23000000.0,3643.0,PG,112.0,Romantic Comedy,,Live Action,2022-02-11,518099.0,587838.0,2.0,2022.0,Winter,25774993.0
Cyrano,2021-12-17,4160022.0,3873124.0,2113800.0,5986924.0,415078.0,1385995.0,,797.0,PG,124.0,Musical,,Live Action,2022-04-05,222754.0,192324.0,12.0,2021.0,Winter,
Moonage Daydream,2022-09-16,4582767.0,4266717.0,9643774.0,13910491.0,,1230145.0,,733.0,PG,,Documentary,,Live Action,,,,9.0,2022.0,Fall,
Ambulance,2022-04-08,24468608.0,22781115.0,29399980.0,52181095.0,2187103.0,8699630.0,40000000.0,3412.0,R,136.0,Thriller/Suspense,,Live Action,,880831.0,1306272.0,4.0,2022.0,Spring,12181095.0
The Bad Guys,2022-04-22,104669357.0,97459240.0,153373095.0,250832335.0,10035593.0,23950245.0,70000000.0,4042.0,PG,100.0,Comedy,The Bad Guys,Digital Animation,2022-06-07,4958190.0,5077403.0,4.0,2022.0,Spring,180832335.0
The Northman,2022-04-22,36768900.0,34233110.0,35749186.0,69982296.0,5885542.0,12290800.0,,3284.0,R,138.0,Action,,Live Action,2022-05-12,2076184.0,3809358.0,4.0,2022.0,Spring,
Firestarter,2022-05-13,10460676.0,9739250.0,5290994.0,15030244.0,549338.0,3827715.0,12000000.0,3413.0,R,94.0,Horror,,Live Action,2022-05-13,515909.0,33429.0,5.0,2022.0,Spring,3030244.0
Watcher,2022-06-03,2106476.0,1961207.0,1660449.0,3621656.0,,826775.0,,764.0,R,96.0,Thriller/Suspense,,Live Action,,,,6.0,2022.0,Summer,
Jurassic World: Dominion,2022-06-10,404765978.0,376851080.0,627153512.0,1004004592.0,32998809.0,145075625.0,185000000.0,4697.0,PG,146.0,Action,Jurassic Park,Animation/Live Action,2022-07-14,10740091.0,22258718.0,6.0,2022.0,Summer,819004592.0
Brian and Charles,2022-06-17,462534.0,430635.0,432421.0,863056.0,,216220.0,,279.0,PG,90.0,Comedy,,Live Action,,,,6.0,2022.0,Summer,
The Black Phone,2022-06-24,96799021.0,90123230.0,71318684.0,161441914.0,2086016.0,23633220.0,18000000.0,3156.0,R,102.0,Horror,The Black Phone,Live Action,2022-07-14,,2086016.0,6.0,2022.0,Summer,143441914.0
Minions: The Rise of Gru,2022-07-01,397953991.0,370549695.0,567156799.0,937706494.0,15146274.0,107010140.0,100000000.0,4427.0,PG,88.0,Adventure,Despicable MeMinions,Digital Animation,,7338912.0,7807362.0,7.0,2022.0,Summer,837706494.0
The Phantom of the Open,2022-07-14,804277.0,748805.0,3271958.0,4020763.0,,25577.0,,501.0,,102.0,Comedy,,Live Action,2022-08-30,,,7.0,2022.0,Summer,
Nope,2022-07-22,132408715.0,123277080.0,48655002.0,171932082.0,4765275.0,44366910.0,68000000.0,3807.0,R,131.0,Horror,,Live Action,2022-09-20,1034424.0,3730851.0,7.0,2022.0,Summer,103932082.0
Easter Sunday,2022-08-05,13977667.0,13013690.0,8169.0,13021859.0,,5447130.0,17000000.0,3176.0,PG,,Comedy,,Live Action,2022-10-04,,,8.0,2022.0,Summer,-3978141.0
Emily the Criminal,2022-08-12,2316017.0,2156296.0,1413.0,2157709.0,,669161.0,,483.0,R,95.0,Thriller/Suspense,,Live Action,2022-11-29,,,8.0,2022.0,Summer,
Beast,2022-08-19,34205534.0,31846530.0,27321809.0,59168339.0,3011454.0,11575855.0,36000000.0,3754.0,R,93.0,Thriller/Suspense,,Live Action,2022-10-04,1388075.0,1623379.0,8.0,2022.0,Summer,23168339.0
The Silent Twins,2022-09-16,220330.0,205135.0,92812.0,297947.0,,103860.0,,279.0,R,113.0,Drama,,Live Action,2022-11-08,,,9.0,2022.0,Fall,
Bros,2022-09-30,12489509.0,11628165.0,3203632.0,14831797.0,,4854125.0,22000000.0,3356.0,R,115.0,Romantic Comedy,,Live Action,2022-10-18,,,9.0,2022.0,Fall,-7168203.0
Mrs. Harris Goes to Paris,2022-07-15,11206796.0,10433915.0,20838855.0,31272770.0,816401.0,1953070.0,13000000.0,1001.0,PG,115.0,Drama,,Live Action,,527722.0,288679.0,7.0,2022.0,Summer,18272770.0
TÁR,2022-10-07,7227339.0,6773650.0,22492802.0,29266452.0,568888.0,158620.0,,1090.0,R,158.0,Drama,,Live Action,2022-12-20,88154.0,480734.0,10.0,2022.0,Fall,
Halloween Ends,2022-10-14,68826519.0,64079860.0,41320936.0,105400796.0,7709028.0,40050355.0,20000000.0,3901.0,R,111.0,Horror,Halloween,Live Action,2022-10-14,3353631.0,4355397.0,10.0,2022.0,Fall,85400796.0
Till,2022-10-14,9666883.0,9000202.0,2448755.0,11448957.0,1405539.0,242269.0,,2136.0,PG,130.0,Drama,,Live Action,,964296.0,441243.0,10.0,2022.0,Fall,
Ticket to Paradise,2022-10-21,73330636.0,68275985.0,100300996.0,168576981.0,5086892.0,16509095.0,60000000.0,4066.0,PG,104.0,Romantic Comedy,,Live Action,2022-11-08,2642678.0,2444214.0,10.0,2022.0,Fall,108576981.0
Armageddon Time,2022-10-28,2010827.0,1872625.0,4695459.0,6568084.0,,70275.0,15000000.0,1006.0,R,114.0,Drama,,Live Action,,,,10.0,2022.0,Fall,-8431916.0
The Fabelmans,2022-11-11,18410983.0,17348945.0,25922510.0,43271455.0,2194367.0,161579.0,40000000.0,1962.0,PG,151.0,Drama,,Live Action,2023-01-17,897583.0,1296784.0,11.0,2022.0,Fall,3271455.0
She Said,2022-11-18,6257552.0,5825995.0,8130389.0,13956384.0,,2217010.0,,2023.0,R,129.0,Drama,,Live Action,2023-01-10,,,11.0,2022.0,Fall,
Violent Night,2022-12-02,53633377.0,50057405.0,26542572.0,76599977.0,4863893.0,13450240.0,20000000.0,3723.0,R,112.0,Comedy,,Live Action,2023-01-20,1478477.0,3385416.0,12.0,2022.0,Winter,56599977.0
Puss in Boots: The Last Wish,2022-12-21,194624979.0,186090535.0,298238602.0,484329137.0,7585354.0,12429515.0,110000000.0,4121.0,PG,102.0,Adventure,ShrekPuss in Boots,Digital Animation,2023-01-06,3417229.0,4168125.0,12.0,2022.0,Winter,374329137.0
Women Talking,2022-12-23,5646506.0,5456531.0,3719329.0,9175860.0,572776.0,40530.0,,707.0,PG,104.0,Drama,,Live Action,2023-03-07,514531.0,58245.0,12.0,2022.0,Winter,
M3GAN,2023-01-06,98377366.0,95159005.0,86637512.0,181796517.0,4086531.0,30429860.0,12000000.0,3628.0,PG,102.0,Horror,M3GAN,Live Action,2023-01-24,2142851.0,1943680.0,1.0,2023.0,Winter,169796517.0
Knock at the Cabin,2023-02-03,36595168.0,35397980.0,19314755.0,54712735.0,2317486.0,14127170.0,20000000.0,3657.0,R,139.0,Thriller/Suspense,,Live Action,,855887.0,1461599.0,2.0,2023.0,Winter,34712735.0
Cocaine Bear,2023-02-24,66857436.0,64670240.0,25296333.0,89966573.0,3108776.0,23260790.0,35000000.0,3571.0,R,91.0,Black Comedy,,Live Action,2023-03-14,1099345.0,2009431.0,2.0,2023.0,Winter,54966573.0
The Super Mario Bros. Movie,2023-04-05,594379090.0,574934330.0,784291945.0,1359226275.0,28770098.0,146361865.0,100000000.0,4371.0,PG,92.0,Adventure,Mario,Digital Animation,2023-05-16,9345709.0,19424389.0,4.0,2023.0,Spring,1259226275.0
Renfield,2023-04-14,17882920.0,17297895.0,9576452.0,26874347.0,1762460.0,8026475.0,86203077.0,3378.0,R,93.0,Black Comedy,,Live Action,,699954.0,1062506.0,4.0,2023.0,Spring,-59328730.0
Book Club: The Next Chapter,2023-05-12,18176188.0,17581565.0,11540063.0,29121628.0,1937166.0,6677580.0,,3513.0,PG,107.0,Romantic Comedy,Book Club,Live Action,2023-05-30,1028370.0,908796.0,5.0,2023.0,Spring,
Fast X,2023-05-19,151068122.0,146126015.0,568249099.0,714375114.0,15764022.0,67017410.0,340000000.0,4088.0,PG,141.0,Action,Fast and the Furious,Live Action,2023-06-09,6207390.0,9556632.0,5.0,2023.0,Spring,374375114.0
Sanctuary,2023-05-19,553297.0,535201.0,259161.0,794362.0,,64971.0,,225.0,R,96.0,Thriller/Suspense,,Live Action,2023-06-20,,,5.0,2023.0,Spring,
"Ruby Gillman, Teenage Kraken",2023-06-30,16286400.0,15753600.0,30493809.0,46247409.0,1728542.0,5500990.0,70000000.0,3408.0,PG,91.0,Comedy,,Digital Animation,2023-07-18,710551.0,1017991.0,6.0,2023.0,Summer,-23752591.0
Oppenheimer,2023-07-21,341107916.0,330078895.0,646678360.0,976757255.0,27962777.0,82455420.0,100000000.0,3761.0,R,180.0,Drama,,Live Action,,6906181.0,21056596.0,7.0,2023.0,Summer,876757255.0
The Last Voyage of the Demeter,2023-08-11,14098401.0,13637180.0,6760468.0,20397648.0,2419453.0,6504950.0,45000000.0,2715.0,R,119.0,Horror,,Live Action,2023-08-29,842344.0,1577109.0,8.0,2023.0,Summer,-24602352.0
Strays,2023-08-18,24800206.0,23988885.0,11994124.0,35983009.0,1840703.0,8247810.0,46000000.0,3232.0,R,93.0,Comedy,,Animation/Live Action,2023-09-05,1010895.0,829808.0,8.0,2023.0,Summer,-10016991.0
My Big Fat Greek Wedding 3,2023-09-08,29459790.0,28496030.0,10365643.0,38861673.0,934868.0,10028675.0,,3678.0,PG,92.0,Romantic Comedy,My Big Fat Greek Wedding,Live Action,2023-09-26,449342.0,485526.0,9.0,2023.0,Fall,
The Exorcist: Believer,2023-10-06,67753924.0,65537395.0,71460674.0,136998069.0,3340626.0,26497600.0,30000000.0,3684.0,R,111.0,Horror,Exorcist,Live Action,2023-10-24,1321850.0,2018776.0,10.0,2023.0,Fall,106998069.0
Five Nights at Freddy’s,2023-10-27,141918400.0,137275620.0,159966525.0,297242145.0,5079597.0,80001720.0,20000000.0,3789.0,PG,109.0,Horror,Five Nights at Freddy’s,Live Action,2023-10-27,,5079597.0,10.0,2023.0,Fall,277242145.0
The Royal Hotel,2023-10-06,806652.0,780266.0,410288.0,1190554.0,,331011.0,,273.0,R,91.0,Thriller/Suspense,,Live Action,,,,10.0,2023.0,Fall,
Please Don’t Destroy: The Treasure of Foggy Mountain,2023-11-17,,,14573.0,14573.0,,,,,R,,Comedy,,Live Action,2023-11-17,,,11.0,2023.0,Fall,
Trolls Band Together,2023-11-17,101817005.0,103974820.0,106694583.0,210669403.0,6051372.0,30002525.0,95000000.0,3893.0,PG,92.0,Adventure,Trolls,Digital Animation,2023-12-19,2565349.0,3486023.0,11.0,2023.0,Fall,115669403.0
Eileen,2023-12-01,1483212.0,1435007.0,366368.0,1801375.0,,93290.0,,558.0,R,97.0,Drama,,Live Action,,,,12.0,2023.0,Winter,
Migration,2023-12-22,129460722.0,127630880.0,172870472.0,300501352.0,6049650.0,12453275.0,72000000.0,3839.0,PG,,Adventure,,Digital Animation,,2960566.0,3089084.0,12.0,2023.0,Winter,228501352.0
Night Swim,2024-01-05,32494740.0,32494740.0,22290647.0,54785387.0,465982.0,11797155.0,15000000.0,3257.0,PG,98.0,Horror,,Live Action,,211269.0,254713.0,1.0,2024.0,Winter,39785387.0
She Came to Me,2023-10-06,680263.0,658009.0,126518.0,784527.0,,360000.0,,355.0,R,102.0,Romantic Comedy,,Live Action,2024-11-10,,,10.0,2023.0,Fall,
Argylle,2024-02-02,45207275.0,45207275.0,51018953.0,96226228.0,,17473540.0,200000000.0,3647.0,PG,135.0,Action,,Live Action,2024-03-05,,,2.0,2024.0,Winter,-103773772.0
Kung Fu Panda 4,2024-03-08,193590620.0,193590620.0,354456117.0,548046737.0,821216.0,57989905.0,85000000.0,4067.0,PG,94.0,Comedy,Kung Fu Panda,Digital Animation,2024-04-09,392429.0,428787.0,3.0,2024.0,Spring,463046737.0
Monkey Man,2024-04-05,25116955.0,25116955.0,10154676.0,35271631.0,855921.0,10119435.0,10000000.0,3037.0,R,120.0,Thriller/Suspense,,Live Action,,300191.0,555730.0,4.0,2024.0,Spring,25271631.0
Abigail,2024-04-19,25867515.0,25867515.0,17174055.0,43041570.0,1850296.0,10297110.0,28000000.0,3393.0,R,109.0,Horror,,Live Action,2024-05-07,834374.0,1015922.0,4.0,2024.0,Spring,15041570.0
The American Society of Magical Negroes,2024-03-15,2480645.0,2480645.0,15558.0,2496203.0,,1304270.0,,1153.0,PG,104.0,Comedy,,Live Action,,,,3.0,2024.0,Spring,
The Fall Guy,2024-05-03,92900355.0,92900355.0,88373488.0,181273843.0,4019531.0,27747035.0,125000000.0,4008.0,PG,126.0,Action,,Live Action,,1476171.0,2543360.0,5.0,2024.0,Spring,56273843.0
The Bikeriders,2024-06-21,21746895.0,21746895.0,14555919.0,36302814.0,1461640.0,9698275.0,,2692.0,R,116.0,Drama,,Live Action,2024-07-09,713907.0,747733.0,6.0,2024.0,Summer,
Despicable Me 4,2024-07-03,361004205.0,361004205.0,611960223.0,972964428.0,1453136.0,75009210.0,100000000.0,4449.0,PG,94.0,Adventure,Despicable MeMinions,Digital Animation,2024-08-06,624836.0,828300.0,7.0,2024.0,Summer,872964428.0
Twisters,2024-07-19,267762265.0,267762265.0,104500000.0,372262265.0,,81251415.0,155000000.0,4170.0,PG,122.0,Thriller/Suspense,Twister,Live Action,2024-08-13,,,7.0,2024.0,Summer,217262265.0
Babes,2024-05-17,3800038.0,3800038.0,98072.0,3898110.0,,163130.0,,1118.0,R,104.0,Comedy,,Live Action,,,,5.0,2024.0,Spring,
Speak No Evil,2024-09-13,36931420.0,36931420.0,40307894.0,77239314.0,,11397595.0,15000000.0,3375.0,R,110.0,Horror,,Live Action,,,,9.0,2024.0,Fall,62239314.0
The Substance,2024-09-20,17584795.0,17584795.0,59720652.0,77305447.0,,3205212.0,17500000.0,1949.0,R,140.0,Horror,,Live Action,,,,9.0,2024.0,Fall,59805447.0
The Wild Robot,2024-09-27,143901945.0,143901945.0,190658268.0,334560213.0,,35790150.0,78000000.0,3997.0,PG,102.0,Adventure,,Digital Animation,2024-10-15,,,9.0,2024.0,Fall,256560213.0
Piece by Piece,2024-10-11,9756635.0,9756635.0,990280.0,10746915.0,,3851355.0,,1873.0,PG,93.0,Documentary,,Digital Animation,2024-10-29,,,10.0,2024.0,Fall,
Wicked,2024-11-22,474983975.0,474983975.0,282929370.0,757913345.0,,112508890.0,145000000.0,3888.0,PG,160.0,Musical,Wizard of OzWicked,Live Action,,,,11.0,2024.0,Fall,612913345.0
Nosferatu,2024-12-25,95608235.0,95608235.0,86197410.0,181805645.0,,21652560.0,50000000.0,3132.0,R,132.0,Horror,,Live Action,,,,12.0,2024.0,Winter,131805645.0
